index:1,title:Wedding night,picture:Pictures/1.jpg,popular:no
index:2,title:Mg Ye Mya Lay,picture:Pictures/2.jpg,popular:no
index:3,title:Htat Lote Pay Naw,picture:Pictures/3.jpg,popular:no
index:4,title:Unlimited,picture:Pictures/4.jpg,popular:no
index:5,title:Pyae Pyae Wa Wa,picture:Pictures/5.jpg,popular:yes
index:6,title:On time,picture:Pictures/6.jpg,popular:yes
index:7,title:A Yin Ni Sone,picture:Pictures/7.jpg,popular:yes
index:8,title:Aunty Gyi,picture:Pictures/8.jpg,popular:yes
index:9,title:Pyin Nyar,picture:Pictures/9.jpg,popular:yes
index:10,title:New Experience,picture:Pictures/10.jpg,popular:yes
index:11,title:Bad Boy,picture:Pictures/11.jpg,popular:yes
index:12,title:Ma, Very Good,picture:Pictures/12.jpg,popular:yes
index:13,title:So excited,picture:Pictures/13.jpg,popular:yes
index:14,title:Good Kissing,picture:Pictures/14.jpg,popular:yes
index:15,title:Every Hole,picture:Pictures/15.jpg,popular:yes
index:16,title:Learn from experience,picture:Pictures/16.jpg,popular:yes
index:17,title:About My Life,picture:Pictures/17.jpg,popular:yes
index:18,title:Young Girl,picture:Pictures/18.jpg,popular:yes
index:19,title:Kissing Both,picture:Pictures/19.jpg,popular:yes
index:20,title:My newphew is better,picture:Pictures/20.jpg,popular:yes
index:21,title:Poor Girl,picture:Pictures/21.jpg,popular:yes
