title:မြန်မာအောကားများ ၁,url:www.xnxx.es/search/myanmar?top,picture:Pictures/10.jpg,key:v
title:မြန်မာအောကားများ ၂,url:es.pornhub.com/video/search?search=myanmar,picture:Pictures/11.jpg,key:v
title:မြန်မာအောကားများ ၃,url:www.xvideos2.com/?k=myanmar&top,picture:Pictures/12.jpg,key:v
title:မြန်မာအောကားများ ၄,url:www.veochan.com/myanmar.html,picture:Pictures/20.jpg,key:v
title:ဂျပန်JAVများ ၁,url:es.pornhub.com/video/search?search=jav,picture:Pictures/21.jpg,key:v
title:ဂျပန်JAVများ ၂,url:www.xnxx.es/search/jav,picture:Pictures/22.jpg,key:v
title:ဂျပန်JAVများ ၃,url:www.xvideos.com/?k=JAV,picture:Pictures/23.jpg,key:v
title:ဂျပန်JAVများ ၄,url:vjav.com/,picture:Pictures/24.jpg,key:v
title ဂျပန်JAVများ ၅,url:javkiki.com/,picture:Pictures/25.jpg,key:movie
title ဂျပန်JAVများ ၆,url:javhihi69.com/,picture:Pictures/26.jpg,key:javhihi
title ဂျပန်JAVများ ၇,url:sextop.net/,picture:Pictures/27.jpg,key:movies
title:ဂျပန်Animeများ,url:es.pornhub.com/video/search?search=hentai+anime,picture:Pictures/30.jpg,key:v
title:Best Asian ၁,url:www.xvideos2.com/?k=asian&top,picture:Pictures/34.jpg,key:video
